Company Number,Person Number,Appointment Date,Postcode,Date of Birth,Title,First Name,Last Name,Honours,Care Of,PO Box,Address 1,Address 2,Town,County,Country
88958775,556806630001,20190429,CR4 1XW,197404,MR,INDIGO,VANVU,,,,3 SHROPSHIRE CLOSE,,MITCHAM,,"ENGLAND
"
78249759,801392550003,19920831,W11 2AH,194210,MR,CAMERON,CANNON,,,,78 LEDBURY ROAD,,LONDON,,"
"
71327535,767633990002,19911231,EC4R 9AN,196405,MR,JODIE,REMSBURY,,,,2ND FLOOR REGIS HOUSE,45 KING WILLIAM STREET,LONDON,,"UNITED KINGDOM
"
65780191,684219590001,20060314,B18 6EW,,,ZEPHYR,GO AHEAD SERVICE LIMITED,,,,69 GREAT HAMPTON STREET,,BIRMINGHAM,WEST MIDLANDS,"
"
25410031,166976070001,19901231,BS48 3AR,194311,MR,KEEGAN,BARRETT,,,,CARTERS WAY,CHELVEY BATCH BACKWELL,BRISTOL,,"
"
43262095,862949670002,20201009,PA7 5RZ,199108,MR,LARKIN,MENZIES,,,,36 SKELMORLIE AVENUE,,BISHOPTON,RENFREWSHIRE,"SCOTLAND
"
82683495,584682790001,20060227,OX7 6JS,196311,MR,VAL,MCCORMACK,,,,CHARNWOOD,SHIPTON ROAD,MILTON UNDER WYCHWOOD,OXON,"
"
43411175,569858710001,20071015,LU2 8JW,198604,MR,HERO,JETHWA,,,,38 TELSCOMBE WAY,,LUTON,,"
"
19861223,606408710005,20160921,NW10 7LQ,194510,MR,RAY,PUJARA,,,,47-49 PARK ROYAL ROAD,PREMIER HOUSE,LONDON,,"ENGLAND
"
48592463,171269110001,20110202,84210,196304,MR,RAY,AUQUIER,,,,LA COUTOURONE,,VENASQUE,,"FRANCE
"
48284607,860725030002,20000406,CB8 0NF,196708,,BEAU,HOPES,,,,14 THE HAMILTONS,,NEWMARKET,SUFFOLK,"
"
49772551,904553030001,20220908,BS9 3BY,197012,MR,NEO,KWIZERA,,,,"THE BRISTOL OFFICE 2ND FLOOR, 5 HIGH STREET",WESTBURY-ON-TRYM,BRISTOL,,"ENGLAND
"
90716431,882032950001,19981211,W1S 1RR,,,BERLIN,FIRST DIRECTORS LIMITED,,,,72 NEW BOND STREET,,LONDON,,"
"
85016551,502707190001,20230815,EC1M 4AY,198607,MRS,NICO,PANCHANI,,,,22 ST. JOHN STREET,,LONDON,,"ENGLAND
"
33219239,182250630001,19930210,SS9 1LW,197008,MRS,DREW,WALSHE,,,,78 WOODFIELD PARK DRIVE,,LEIGH ON SEA,ESSEX,"
"
95575975,885841350001,20100504,GU3 1AX,194804,MRS,LYRIC,LYE,,,,COPPERFIELDS SEALE LANE,PUTTENHAM,GUILDFORD,SURREY,"UNITED KINGDOM
"
76903559,907297030001,20131120,BH4 9DS,194001,DR,FINLEY,WILLIAMS,,,,WESTBOURNE HOUSE 22,POOLE ROAD,BOURNEMOUTH,,"ENGLAND
"
89474223,941633510002,20061027,DE1 1FL,,,REESE,MPS ACCOUNTANCY SERVICES LTD,,,,80 FRIAR GATE,,DERBY,DERBYSHIRE,"UNITED KINGDOM
"
12462743,531842150001,20070327,CH4 9QP,,,KIT,FOREMANS COMPANY SERVICES LIMITED,,,,OFFICE VILLAGE,CHESTER BUSINESS PARK,CHESTER,CHESHIRE,"
"
15340863,328066150001,20070619,BN1 8RN,,,JULY,BATTERBEE,,,,57 BRAESIDE AVENUE,PATCHAM,BRIGHTON,EAST SUSSEX,"
"
26053647,252121590001,20080606,UB8 3UE,196509,,ALI,AIGBUKOR,,,,4 HINDHEAD CLOSE,,UXBRIDGE,MIDDLESEX,"
"
50050935,558267030001,20120518,BR5 1GU,197511,MR,WINTER,HOOPER,,,,152 POVEREST ROAD,PETTS WOOD,ORPINGTON,KENT,"UNITED KINGDOM
"
88615311,324737510001,20200813,BD7 3NP,196201,MR,WOLF,LENKOV,,,,14 SOUTHMERE CRESCENT,,BRADFORD,,"ENGLAND
"
42826783,226710870001,19980820,TS29 6BP,196708,MR,CARTER,MOSES,,,,33 STATION ROAD WEST,,TRIMDON STATION,COUNTY DURHAM,"
"
39539391,314681430002,20201102,SO30 2RR,197806,MR,EVEREST,MITCHELL,,,,40 COLLETT CLOSE,HEDGE END,SOUTHAMPTON,,"ENGLAND
"
17882991,296822630001,20230822,GU2 7AT,199607,MR,SPENCER,FAIRCLOUGH,,,,FLAT 3 QUEENS PLACE DENZIL ROAD,,GUILDFORD,,"ENGLAND
"
91528271,755130230002,19910119,SW5 0ET,194705,MRS,HARLEY,JANKOVIC,,,,11 SHERIDAN COURT,BARKSTON GARDENS,LONDON,,"
"
12145719,879290470001,20040416,GU28 9BP,,,PAXTON,GABEM COMPANY SECRETARIAL LIMITED,,,,GABEM GROUP,WATERSIDE,PETWORTH,WEST SUSSEX,"
"
31805527,477818390001,20230320,GU7 1EZ,197007,MRS,BOWIE,MYERS,,,,FIRST FLOOR RIVER COURT THE OLD MILL OFFICE PARK MILL LANE,,GODALMING,SURREY,"ENGLAND
"
18107735,330351270001,20010404,IG3 9EL,198304,,JAMIE,MARWAHA,,,,180 ASHBURTON AVENUE,,ILFORD,ESSEX,"
"
33815391,902811110001,20090721,BH23 1PL,198302,MR,EZRA,GEDDES,,,,OFFICE SUITE D MAGNOLIA HOUSE,19 STOUR ROAD,CHRISTCHURCH,DORSET,"ENGLAND
"
99421951,751487750001,20080326,M2 3HZ,,,BLAIR,COBBETTS (SECRETARIAL) LIMITED,,,,C/O COBBETTS LLP 58 MOSLEY STREET,,MANCHESTER,,"
"
31534719,324616470001,20201111,AL10 8HE,199703,MR,MACKENZIE,NICOLAI,,,,8 HASELDINE MEADOWS,,HATFIELD,,"ENGLAND
"
28672743,111542950001,19910530,SS17 9HL,193803,MR,COVE,TEBBUTT,,,,PENDRE HERTFORD DRIVE,FOBBING,STANFORD LE HOPE,ESSEX,"
"
78251407,564982070004,20150325,N1 7GU,196206,MR,GERRY,EDGE,,,,20-22 WENLOCK ROAD,,LONDON,,"ENGLAND
"
52516655,432428150001,20211022,SY3 9EW,196104,MRS,WREN,WHITRICK,,,,"R M W ELECTRICAL SERVICES LTD, UNIT 1-2 SWEETLAKE BUSINESS VILLAGE",,SHREWSBURY,SHROPSHIRE,"UNITED KINGDOM
"
62119847,199465510001,20110207,HD5 0AN,196803,MR,ASHLEY,MERRICK,,,,LAUREN HOUSE 37A WAKEFIELD ROAD,TANDEM,HUDDERSFIELD,WEST YORKSHIRE,"ENGLAND
"
66810135,395146150004,20090810,PL6 7FR,197304,MR,MARVEL,HOPPER,,,,UNIT C1-5 TAMERTON ROAD BUSINESS PARK HAXTER WOOD CHASE,ROBOROUGH,PLYMOUTH,DEVON,"UNITED KINGDOM
"
85974631,668071430001,20170407,NR2 4TL,196601,,BASIL,CASTRO,,,,5 QUEEN STREET,,NORWICH,,"ENGLAND
"
84373207,249083110001,20141017,HA1 1XU,198206,MRS,SULLIVAN,KUSAMOTU,,,,58 KINGS WAY,,HARROW,,"ENGLAND
"
23406511,553406550001,20111004,NN3 6AP,197309,MR,ASHLEY,WILLIAMSON,,,,9-10 SCIROCCO CLOSE,MOULTON PARK,NORTHAMPTON,,"
"
44835047,728262710003,20070426,SW19 6NP,196605,MR,FRANKIE,TURNER,,,,297 WIMBLEDON PARK ROAD,,LONDON,,"ENGLAND
"
95176255,337856710001,20041125,CM3 2BY,197004,,JUPITER,VINCENT,,,,MADDOX HALL,TERLING HALL ROAD TERLING,CHELMSFORD,ESSEX,"
"
78635991,859150230001,20150416,SY1 1TE,196508,MRS,KAI,RAABE-WEBBER,,C/O THE HIVE MUSIC AND MEDIA CENTRE,,5 BELMONT,,SHREWSBURY,SHROPSHIRE,"
"
66204399,854780310001,20180802,PA5 0AF,,MISS,LENNON,CLARKSON,,,,6 CHARNWOOD AVENUE,,JOHNSTONE,RENFREWSHIRE,"UNITED KINGDOM
"
66127255,787356870002,20141006,N14 7NH,196502,MRS,LARKIN,BANJOKO,,,,34 MANDEVILLE ROAD,,LONDON,,"UNITED KINGDOM
"
45552583,795245110001,20170705,W1B 2QD,195610,MR,KIT,ADAM,,,,INTERNATIONAL HOUSE 223 REGENT STREET,,LONDON,,"ENGLAND
"
24542847,530209910001,20110607,MK18 3AJ,196908,MR,MARLOW,FIELDING,,C/O ROBERT DAY AND COMPANY,,THE OLD LIBRARY THE WALK,WINSLOW,BUCKINGHAM,,"
"
56612639,994648630001,20181031,AL5 4JB,,,CAREY,BARRA PROPERTIES LTD,,,,5 HALES MEADOW,,HARPENDEN,,"ENGLAND
"
49567439,438827990001,20220526,AB24 2DY,196410,MR,SIDNEY,JONES,,,,FLAT 8 621 GREAT NORTHERN ROAD,,ABERDEEN,,"SCOTLAND
"
37823711,625530470001,20060301,CO16 8EJ,197001,,BILLIE,ANDREWS,,,,40 MILL STREET,,ST OSYTH,ESSEX,"
"
15020679,501669190001,20030411,CM6 1RH,196801,,CASSIDY,ROBINSON,,,,2 PAGES COTTAGES,"CHELMSFORD ROAD,",WHITE RODING,ESSEX,"
"
45338479,682953030001,19910704,GU29 0HD,194404,MR,BRECK,JACKSON,,,,FLINT HOUSE,COCKING,MIDHURST,W SUSSEX,"
"
42519919,326722790001,20160830,SW1E 5LB,,MISS,BRIGHTON,ESSEX,,,,"4TH FLOOR, NOVA SOUTH 160 VICTORIA STREET",,LONDON,,"ENGLAND
"
45797687,154039030002,20200630,CF35 6UP,198709,MR,AMOS,KNOTT,,,,56 WOODLAND AVENUE WOODLAND AVENUE,PENCOED,BRIDGEND,,"WALES
"
22027487,496166710001,20230208,L6 7UA,199509,MR,GERRY,ALI,,,,126 SHEIL ROAD,,LIVERPOOL,,"ENGLAND
"
61292199,312327350001,20220101,M40 3SD,,MRS,ARMANI,HULSTON,,,,18 CULROSS AVENUE,,MANCHESTER,,"ENGLAND
"
59879767,750878310003,20230426,DA11 9BJ,198002,MR,MCKENNA,SHARMA,,,,EAGLE HOUSE EAGLE WAY,NORTHFLEET,GRAVESEND,,"ENGLAND
"
13500711,687191670001,20140123,RG4 5BB,195408,MR,VESPER,HOPTROFF,,,,76 SOUTH VIEW AVENUE,CAVERSHAM,READING,,"ENGLAND
"
59530263,389408390001,20140101,CV2 2TX,197006,MRS,DARBY,HALL,,,,SAPPHIRE COURT WALSGRAVE TRIANGLE,,COVENTRY,WEST MIDLANDS,"
"
13526463,679080950002,19990120,PH49 4HX,196708,,SPENCER,SUTHERLAND,,,,TORREN,GLENCOE,ARGYLL,,"
"
84558759,538541430001,20150101,B90 4LH,,MR,DARCY,HENDERSON,,,,"WESTHAVEN HOUSE, ARLESTON WAY",SHIRLEY,SOLIHULL,WEST MIDLANDS,"
"
60309871,157633750002,20061108,OX14 4RZ,196107,PROF.,DALLAS,TOUMAZOU,,,,TOUMAZ TECHNOLOGY LTD 115 MILTON PARK,BUILDING 3,ABINGDON,OXON,"UNITED KINGDOM
"
55770135,492572870003,20110316,BL1 5TX,196912,MRS,ASA,BAINBRIDGE-DANIEL,,,,32 BOWLAND DRIVE,,BOLTON,,"ENGLAND
"
87088871,658638390001,20220506,SS7 3UZ,196410,MRS,CYPRESS,FARRELL,,,,4 NAPIER GARDENS,,BENFLEET,,"ENGLAND
"
44678591,912012550001,20201111,CT13 9LU,196207,MR,PRESLEY,HALLIGAN,,,,BUILDING 4 SANDWICH INDUSTRIAL ESTATE,,SANDWICH,KENT,"UNITED KINGDOM
"
60041183,329429990001,20230421,,199805,MR,ARIEL,TSAI,,,,,,,,"
"
20087879,959835110003,20090402,BS4 3EH,198104,MR,CYPRESS,HUNT,MENG,,,UNIT 5.17 PAINTWORKS,ARNOS VALE,BRISTOL,,"ENGLAND
"
96286919,449801510002,20071207,CT6 5AX,196903,MR,INDIGO,JORDAN,,,,"SANDALL HOUSE, 230 HIGH STREET",HERNE BAY,KENT,,"
"
85376375,501706790001,20201120,B67 5NW,197804,MR,HARLEY,MANN,,,,156 ABBEY ROAD,,SMETHWICK,WEST MIDLANDS,"UNITED KINGDOM
"
62165111,996169430001,20120220,SW8 1RL,,,JACKIE,LONDON COMPANY SERVICES LTD,,,,GROUND FLOOR WEST 68 SOUTH LAMBETH ROAD,,LONDON,LONDON,"UNITED KINGDOM
"
71506303,289561910001,20040907,SW16 4RR,197610,,JACK,PARKES,,,,105 DALMENY AVENUE,NORBURY,LONDON,,"
"
23986431,964954150001,20170706,W1U 1PB,197702,MR,JULIAN,MEADS,,,,5 WIGMORE STREET,,LONDON,,"ENGLAND
"
72159671,818439670001,20070313,BS1 6JS,,,AMOS,JORDAN SECRETARIES LIMITED,,,,21 ST. THOMAS STREET,,BRISTOL,AVON,"
"
40621151,517475590001,19970312,CR2 8YA,,,TANNER,WICKHAM COURT LIMITED,,,,SELSDON PARK HOTEL ADDINGTON ROAD,,SANDERSTEAD,SURREY,"
"
78015879,141962470001,20130206,EN11 0RU,195809,MR,JAMIE,PRICE,,,,14 LILLIARD CLOSE,,HODDESDON,HERTFORDSHIRE,"UNITED KINGDOM
"
38501655,602308150001,20040413,SY3 5HG,,,KODI,CARLEY,,,,12 THE DELL GAINS PARK,BICTON HEATH,SHREWSBURY,SHROPSHIRE,"
"
24975663,445363910003,20170403,BB7 1LY,196505,MRS,KENDALL,FARRINGTON,,,,UNIT 1 THE OLD SAWMILL SHAW BRIDGE STREET,,CLITHEROE,LANCASHIRE,"ENGLAND
"
88971767,437416870001,19960409,DA6 8NA,192608,,LANDRY,GEORGE,,,,11 MARTIN DENE,,BEXLEYHEATH,KENT,"
"
68817423,554767510003,20220118,CV34 6LW,196610,MR,VESPER,HEWS,,,,UNIT 3 PEGASUS HOUSE PEGASUS COURT,TACHBROOK PARK,WARWICK,,"ENGLAND
"
96747135,112464630001,20161012,EN1 1PZ,199202,MR,ACE,DAWIDOWICZ,,,,11A FALMER ROAD,,ENFIELD,,"UNITED KINGDOM
"
48722143,841822470001,20201210,E1 8QS,196510,MR,MARION,MILLWARD,,,,5TH FLOOR 10 WHITECHAPEL HIGH STREET,,LONDON,,"UNITED KINGDOM
"
83647831,424250710001,20210805,DY13 9BZ,199402,MR,DENVER,ADLAWAN,,,,"OFFICE 6, RIVERSIDE BUSINESS CENTRE WORCESTER ROAD",,STOURPORT-ON-SEVERN,,"UNITED KINGDOM
"
94311991,424835190001,19970408,,195702,,STORY,FREI,,,,CHEMIN MARGENCEL 11BIS,,VESANAZ,,"SWITZERLAND
"
19415239,800765510001,20141002,WD24 4YY,196506,,NOAH,JACOBS,,,,OFFICE 3 UNIT R1 PENFOLD WORKS,IMPERIAL WAY,WATFORD,,"UNITED KINGDOM
"
77710991,513015990002,19901130,DD3 8NY,195411,MR,SULLIVAN,GRANT,,,,4 BANK AVENUE,,DUNDEE,,"
"
49702559,311184710001,19910930,ST12 9DE,194906,MR,JACK,BOWERS,,,,SPRING BANK STATION ROAD,BARLASTON,STOKE ON TRENT,STAFFORDSHIRE,"
"
94432615,997387110001,20221027,IG3 9UN,198506,MR,JACKIE,ALOM,,,,26 GOODMAYES ROAD,,LONDON,,"UNITED KINGDOM
"
53001135,468893270025,20100317,TW20 9HY,195311,MR,BOBBIE,DAINES,,,,GLADSTONE HOUSE 77-79 HIGH STREET,,EGHAM,SURREY,"UNITED KINGDOM
"
17528119,794841110001,20071024,MK45 3PJ,194901,,MAX,SWAIN,,,,29 LONGDEN CLOSE,,HAYNES,BEDFORDSHIRE,"
"
80946647,687680790001,20071011,SE28 8AU,197010,,RORY,SYDNEY,,,,11 COLE CLOSE,,LONDON,,"
"
18671215,940131750001,20200511,PA16 9BL,199008,MR,DAKOTA,ANDERSON,,,,60 WALLACE STREET,,GREENOCK,,"SCOTLAND
"
42434623,149475750001,20221201,WC2H 9JQ,,,CYPRESS,1ST SECRETARIES LIMITED,,,,71-75 SHELTON STREET,COVENT GARDEN,LONDON,,"ENGLAND
"
38752279,165370630001,19960415,GU10 4TF,194203,,BLAIR,CUNNELL,,,,22 BROAD HAPENNY,BOUNDSTONE,FARNHAM,SURREY,"
"
59878191,273608710001,20230201,SW15 3QH,196709,MRS,WALKER,MOTII,,,,41 KESWICK AVENUE,,LONDON,,"ENGLAND
"
12347815,609630630001,20040224,NN15 6RD,196611,MRS,SOL,SMITH,,,,113 BELVOIR DRIVE,BARTON SEAGRAVE,KETTERING,,"
"
96465487,536501430002,20090430,NG2 6AB,196101,MR,RIVER,GHELANI,,,,12 BRIDGFORD ROAD,WEST BRIDGFORD,NOTTINGHAM,NOTTINGHAMSHIRE,"
"
15451351,447050230001,20090814,BS11 9JH,196809,MR,MASON,WEST,,C/O GERMINAL SEEDS,,PORTVIEW ROAD PORTVIEW ROAD,AVONMOUTH,BRISTOL,,"ENGLAND
"
11352543,706776950001,19910331,RG6 7HU,194501,,BROOK,GILBERT,,,,25 SALCOMBE DRIVE,EARLEY,READING,BERKSHIRE,"
"
85498551,733265750003,19990226,,197003,,NOVA,DORPINGHAUS,,,,1412 CEDAR RIVER DRIVE,,WAVERLY,IA 50677,"USA
"
71945335,635291670002,20020429,,196007,,REESE,BARNES,,,,2708 COASTLINE,PLANO,TEXAS,75093,"USA
"
44551695,201197510001,20130417,W1G 0AH,,,DAKOTA,REAKES,,,,4TH FLOOR ALLAN HOUSE 10 JOHN PRINCESS STREET,,LONDON,,"
"
90825727,783276390001,19910621,BA1 2US,196103,,NICO,LEGGE,,,,STRUMBLE COTTAGE,4 PRIMROSE HILL,BATH,AVON,"
"
93954103,714269350001,20011112,SW12 8LS,196302,MS,JADEN,WARD SMITH,,,,101 CALBOURNE ROAD,,LONDON,,"
"
23343231,361475350001,20080925,N3 3SJ,196611,MR.,EVEREST,WHITEFIELD,,,,116 HENDON LANE,,LONDON,,"
"
36256247,417786550001,20101203,GU34 2LL,198005,MRS,ROWAN,FISHER,,,,THE GENTLEMAN JIM 31 RAVENS SQUARE,WOOTEYS WAY,ALTON,HAMPSHIRE,"ENGLAND
"
32670863,294193990005,19970619,TA21 0BS,194608,,TERRY,JONES,,,,CROSSLANDS HOUSE NYNEHEAD,,WELLINGTON,SOMERSET,"ENGLAND
"
12023319,997071510001,20220920,BS1 6FL,198303,,KENDALL,BURT,,,,SOUTH QUAY TEMPLE BACK,,BRISTOL,,"UNITED KINGDOM
"
31612767,965800870001,20200427,SP1 3DH,195910,MR,JAZZ,CROSS,,,,11 ST. MARKS AVENUE,,SALISBURY,,"ENGLAND
"
27187831,296218630004,20060301,BS7 8DU,196308,DR,MADISON,ALSOP,,,,3 LOGAN ROAD,BISHOPSTON,BRISTOL,,"
"
15647047,565048150001,20090421,BN21 1QE,,MR,STEVIE,SMART,,,,44 LOWER ROAD,,EASTBOURNE,EAST SUSSEX,"
"
15885383,125369990001,20130927,NN11 8RF,196404,MRS,CLARKE,SWABY,,,,UNIT 9 STEPHENSON CLOSE,DRAYTON FIELDS,DAVENTRY,NORTHAMPTONSHIRE,"
"
46149279,812405190001,20180618,B70 7RQ,199712,MR,HAL,CARBADO,,,,225 LYNG LANE,,WEST BROMWICH,,"UNITED KINGDOM
"
40458487,478294310001,19900816,AB42 8QZ,,,RIVER,PHILIPS,,,,12 SPRINGFIELD GARDENS,MAUD,PETERHEAD,ABERDEENSHIRE,"
"
33202807,494784390002,20020131,HP21 9XA,196107,MRS,BENTLEY,YOUNG,,,,5 TYNEHAM CLOSE,,AYLESBURY,BUCKINGHAMSHIRE,"
"
93365599,969390310001,20200128,S1 2GU,197601,MR,LUXURY,KATONGOLE,,,,THE BALANCE 2 PINFOLD STREET,,SHEFFIELD,,"ENGLAND
"
76710431,454461750001,20210716,MK43 0EG,199706,,JADEN,KELVIN ROY,,,,46 GOLD FURLONG,,BEDFORD,BEDFORDSHIRE,"UNITED KINGDOM
"
87053367,340727190001,20221109,HP5 2QL,197607,MISS,ELLISON,FREEMAN,,,,34 DARVELL DRIVE,,CHESHAM,,"ENGLAND
"
17909815,238130550001,20030415,ME2 2UA,195406,,AUDEN,SHORT,,,,20 SHARFLEET DRIVE,KNIGHTS PLACE,ROCHESTER,KENT,"
"
66144031,711137910002,19990401,B90 1UE,195502,MR,SONNY,HUGHES,,,,127 WATERS EDGE,WATERSIDE DICKENS HEATH,SOLIHULL,WEST MIDLANDS,"
"
37849991,778488870003,20090218,L33 7UY,198102,MR,ANGEL,PETERS,,,,"UNIT 93 NORTH MERSEY BUSINESS CENTRE, WOODWARD ROAD",KNOWSLEY INDUSTRIAL PARK,LIVERPOOL,,"ENGLAND
"
66280639,608625190001,19910829,OX3 7PL,,,LUX,PAYNE,,,,22 VALENTIA ROAD,HEADINGTON,OXFORD,OXFORDSHIRE,"
"
74861519,292089910001,19651117,,,,BRIGHTON,GRIBBEN,,,,5 SHANGARRY GARDENS,BELFAST,,,"
"
46731679,782241670001,19911231,W4 4QP,196009,,BAY,PILLAY,,,,136 BARROW GATE,,LONDON,,"
"
55481015,265699910001,20150801,WV4 5RG,196010,MR,ZION,NIXON,,,,31 LINKS ROAD PENN,,WOLVERHAMPTON,WEST MIDLANDS,"ENGLAND
"
12083399,235106710001,20220406,SP6 1PT,,MRS,LEIGHTON,YOUNGMAN,,,,BROOKLYN ALDERHOLT ROAD,SANDLEHEATH,FORDINGBRIDGE,HAMPSHIRE,"
"
57496079,815176870001,20050222,97299,197205,,LEXINGTON,MAYER,,,,62 LEHMGRUBENSTR,,ZELL AM MAIN,BAVARIA,"GERMANY
"
34987375,985685350003,20181001,IP28 6QZ,198308,MR,EVAN,HANCOCK,,,,SAXHAM BURY ST EDMUNDS,,SUFFOLK,,"
"
83827191,632195590003,20020829,SW6 2LJ,197310,,RAMSEY,LAMBOURNE,,,,37 FURNESS ROAD,FULHAM,LONDON,,"
"
84470823,821372230001,20050117,SW7 2EP,193509,MR,OCTOBER,TURNER,,,,18 JAY MEWS,,LONDON,,"
"
79360711,699910630002,20010329,LE4 0BD,,,JACK,RILEY,,,,28 OAKWOOD ROAD,,LEICESTER,,"
"
36611951,514213670001,20071113,CH45 2NF,195803,MR.,MARLOW,DUNNE,,,,103 WELLINGTON ROAD,,WALLASEY,MERSEYSIDE,"
"
67191607,889821910001,19920901,YO14 9LT,197106,MISS,REED,WALKER,,,,22 THE CROFT,,FILEY,NORTH YORKSHIRE,"
"
31987191,991921030002,20010620,SW3 6PP,195701,,NEO,FOX,,,,26 SYDNEY STREET,,LONDON,,"
"
97166807,755919670001,20200601,HP12 3TA,195906,MR,REMY,MCLINTOCK,,,,MSCM SUBSEA TECHNOLOGY & DEVELOPMENT FACILITY CORONATION ROAD,CRESSEX BUSINESS PARK,HIGH WYCOMBE,BUCKINGHAMSHIRE,"
"
55365631,677053590003,20180201,,197207,MR,DREW,GRENE,,,,LIBRAVEJ 7,,8270 HOEJBJERG,,"DENMARK
"
18341071,924279910001,20060309,1054,197104,,INDIGO,KARLSEN,,,,GRANSDALEN 23 D,,OSLO,,"
"
70439431,179285110001,20130513,DA1 2LG,198408,,AZARIAH,BASSETT,,,,81 GORDON ROAD,,DARTFORD,KENT,"ENGLAND
"
45181751,713605670001,20071214,SW11 4LR,197301,MR,AMOS,PASCOE,,,,UNIT 2 DOVEDALE STUDIOS,465 BATTERSEA PARK ROAD,LONDON,,"
"
88791863,990037350001,20210528,N1C 4AB,,,JESSIE,BASHIR,,,,4 STABLE STREET,,LONDON,,"UNITED KINGDOM
"
16832303,583587430001,20191104,OX9 3EZ,197204,MR,ARDEN,OZVARDAR,,,,30 UPPER HIGH STREET,,THAME,,"ENGLAND
"
58893583,693769190003,20170404,LU1 2RD,198607,MR,GUADALUPE,SINGH,,,,ACUMEN+ CONNAUGHT HOUSE 15-17 UPPER GEORGE STREET,,LUTON,,"UNITED KINGDOM
"
85241543,417600710003,19910904,,194207,MR,TATE,SHINOTO,,,,1-17-7 IWANA,,NODA SHI,CHIBA-KEN,"JAPAN
"
51317503,161872790001,20160225,CA28 7DG,196207,,HOLLAND,KELLY,,,,"2 KENSLEY APARTMENTS, 25 LOWTHER STREET",,WHITEHAVEN,CUMBRIA,"UNITED KINGDOM
"
78775663,226162870001,20070531,SO23 9SP,196506,,GERRY,BALDWIN,,,,5 ALEXANDRA TERRACE,,WINCHESTER,HAMPSHIRE,"
"
78872287,206605510001,20220901,SW9 0DQ,197808,MS,BILLIE,HOLBURN,,,,1 STOCKWELL PARK CRESCENT,,LONDON,ENGLAND,"UNITED KINGDOM
"
29304623,431381750001,20201026,DN5 7RU,198511,MISS,MAX,WINDLE,,,,23 VALIANT GARDENS,SPROTBROUGH,DONCASTER,,"ENGLAND
"
43707687,112245510002,20020222,B75 7LN,196508,,EASTON,JOHNSON,,,,67 FOWLER ROAD,,SUTTON COLDFIELD,WEST MIDLANDS,"
"
53080255,734949590001,20080605,HP23 5QJ,196605,MR,JAZZ,CARUSO,,,,LITTLE FOLLY NORTHFIELD ROAD,,TRING,HERTFORDSHIRE,"
"
31214303,747682550001,20220726,NE25 8TE,,MS,SULLIVAN,LEGG,,,,21 WEMBLEY AVENUE,,WHITLEY BAY,TYNE AND WEAR,"UNITED KINGDOM
"
95168263,914331590001,20070411,L20 3AS,,,BILLIE,FILETRAVEL COMPANY DIRECTOR LIMITED,,,,240 HAWTHORNE ROAD,,LIVERPOOL,,"
"
17086575,331632070001,20170515,B90 4FB,196202,,CODY,HICKEN,,,,84 CREYNOLDS LANE,,"SHIRLEY, SOLIHULL",WEST MIDLANDS,"UNITED KINGDOM
"
75029079,816108710001,20090106,FK5 4FQ,197008,MR,WYATT,SPEED,,,,17 ROBERT KAY PLACE,,LARBERT,FALKIRK,"SCOTLAND
"
34376487,713052710001,20010105,RG6 4AZ,194303,,ARDEN,GRANDIN,,,,38 RYHILL WAY,LOWER EARLEY,READING,BERKSHIRE,"
"
29753471,639258710001,20200821,E8 2RS,197702,MRS,WOLF,CUMBERBATCH,,,,18 BLUNDELL CLOSE,,LONDON,,"ENGLAND
"
53103783,134770230001,20190628,DD3 6EW,195506,MR,ELLISON,MACWHIRTER,,,,40-42 BRANTWOOD AVENUE,,DUNDEE,,"SCOTLAND
"
25462655,371271590001,20160819,NG19 8BH,196910,MR,SHILOH,CARLISLE,,,,68 ALBERT STREET,MANSFIELD WOODHOUSE,MANSFIELD,NOTTINGHAMSHIRE,"ENGLAND
"
51898567,427022470001,20200504,SR8 2LT,195401,MR,LYRIC,LAMB,,,,"UNIT A, 1 BRINDLEY ROAD",SOUTH WEST INDUSTRIAL ESTATE,PETERLEE,,"ENGLAND
"
55125607,533475670002,20090217,EC1Y 8LP,,,JUDE,CLINK SECRETARIAL LIMITED,,,,21 GROUND FLOOR,BUNHILL ROW,LONDON,,"
"
87350367,444856710001,20020430,,197703,,BRIGHTON,HILLYARD,,,,TOP FLOOR FLAT 25 AYNHOE ROAD,,BROOK GREEN,LONDON,"
"
49539127,324051430001,20050301,M8 9AL,197901,,TONY,CHENG,BSC(HONS) MPHIL,,,97 ABERCARN CLOSE,CHEETHAM HILL,MANCHESTER,LANCASHIRE,"
"
91896943,981673430001,20090930,CR5 1BB,196007,MR,NOEL,MOCKETT,,,,82 TOLLERS LANE,,COULSDON,SURREY,"
"
69869751,755115030001,20160818,GU51 2TU,195110,MR,EVER,KIDD,,,,14 SOUTH GROVE,,FLEET,,"UNITED KINGDOM
"
22910527,267847590001,19910413,SW20 8HG,195402,,ROYAL,EBOO,,,,41 THE DOWNS,WIMBLEDON,LONDON,,"
"
92245503,192861590001,19940623,NE47 0BY,194412,,GREY,YOUNG,,,,PINECROFT,COLPITTS GRANGE,SLALEY,HEXHAM,"
"
39106799,478117830001,19940930,RH19 3DT,194211,,JACKIE,WILSON,,,,WHITE COTTAGE HACKENDEN LANE,,EAST GRINSTEAD,WEST SUSSEX,"
"
47192999,873514710001,20151001,NR20 3AY,,MR,AUGUST,QUIN,,,,272 NORWICH ROAD,,DEREHAM,NORFOLK,"ENGLAND
"
80825839,458368550001,19900403,AB10 1HA,,,TATUM,LEDINGHAM CHALMERS,,,,JOHNSTONE HOUSE,52-54 ROSE STREET,ABERDEEN,,"
"
73454327,633354390001,20081022,M2 3NG,196309,MR,GREY,CAIN,,,,3RD FLOOR THE PINNACLE,73 KING STREET,MANCHESTER,,"
"
29456575,547083350001,20021218,HU11 5QX,196806,MR,OLLIE,LANGLEY,,,,CATFOSS GRANGE HOUSE,CATFOSS,SIGGLESTHORNE,E YORKS,"
"
44376943,832353750001,20050930,DH7 9FZ,197508,MRS,KELLY,SPEIGHT,,,,22 MAPLEWOOD COURT,LANGLEY PARK,CO DURHAM,COUNTY DURHAM,"
"
16310103,632826310002,20000510,SA33 4LD,196404,MR,ROBIN,LLOYD,,,,"FFYNNONLWYD,","LLANGYNIN, ST. CLEARS",CARMARTHEN,DYFED,"
"
43648799,391151190001,20020522,SW17 0LZ,198205,MR,ZEPHYR,MIR,,,,814 GARRATT LANE,,LONDON,,"ENGLAND
"
67255943,932168950001,20220223,BS40 8AF,194406,DR,REMY,GARDNER,,,,HARPERS BATCH FELTON LANE,WINFORD,BRISTOL,,"UNITED KINGDOM
"
88521783,836614630001,20140406,W3 8PN,199012,MR,BRIGHTON,ABDALLE,,,,FLAT 36 COOPERS COURT CHURCH ROAD,ACTON,LONDON,,"
"
30643039,140511270001,20190501,TR14 0DD,196301,MR,BLAIR,KING,,,,KEHELLAND TRUST KEHELLAND,,CAMBORNE,CORNWALL,"ENGLAND
"
95089703,422910790001,20190426,HA5 5QA,198910,MRS,ROBIN,PATEL,,,,ELTHORNE GATE 64 HIGH STREET,,PINNER,,"ENGLAND
"
26905903,459020870002,20230912,N1 7GU,196708,MR,MCKENNA,DOWNIE,,,,20 WENLOCK ROAD,,LONDON,,"ENGLAND
"
23092007,794079430001,20180521,IG8 0EY,197309,MR,CAREY,RAJAN,,,,62 MONKHAM'S AVENUE,,WOODFORD,,"UNITED KINGDOM
"
34458767,877869110001,20040908,NW2 1NL,194605,,ESRA,OLANREWAJU,,,,136 PENNINE DRIVE,,LONDON,,"
"
84999271,724074230001,20160310,W1U 2DD,197809,MR.,ALEX,MCKINNON,,,,1ST FLOOR 20 THAYER STREET,,LONDON,,"UNITED KINGDOM
"
31239415,750925670001,20060401,NP16 7LL,194006,,KIT,EVANS,,,,THE CHERRY ORCHARD,"ROSEMARY LANE, TIDENHAM CHASE",CHEPSTOW,,"
"
91925807,765589430002,20090101,NW3 6LP,197108,MR,ISA,GRERO,,,,FLAT 4 223 FINCHLEY ROAD,,LONDON,,"UNITED KINGDOM
"
88973591,812602550001,19920131,PO18 0HB,194205,,REAGAN,PEARMAN,,,,CHILDOWN,SINGLETON,CHICHESTER,WEST SUSSEX,"
"
20377071,747519910001,20110629,HA6 3AY,,,BOWIE,ASHMELE,,,,47 ST MARYS AVENUE,,NORTHWOOD,MIDDLESEX,"UNITED KINGDOM
"
22332015,465278310001,19960704,RG12 2RP,194606,,LAINE,HARRIS,,,,35 SHELLEY AVENUE,BULLBROOK,BRACKNELL,BERKSHIRE,"
"
56427767,364541190001,20220617,SS9 4QL,194906,MRS,SAWYER,PURNELL,,,,52 THE FAIRWAY,,LEIGH ON SEA,ESSEX,"UNITED KINGDOM
"
27205351,323580230001,20160607,ME5 9FD,198007,MR,MORGAN,SASIKUMAR,,,,INNOVATION CENTRE MEDWAY MAIDSTONE ROAD,,CHATHAM,KENT,"
"
40703543,991103030002,20130220,EH4 3QZ,195508,MR,ARIES,MCNAB,,,,15 COLUMBA ROAD,,EDINBURGH,,"UNITED KINGDOM
"
63506367,791196550001,20200828,E15 2DL,198911,MR,KIRBY,KOZLUDERE,,,,"FLAT 111, BLACKTHORN COURT HALL ROAD",,LONDON,,"UNITED KINGDOM
"
68779967,554858150001,19990730,EN4 0JN,197602,,STORM,JOSIFE,,,,23 BEECH HILL,HADLEY WOOD,BARNET,HERTFORDSHIRE,"
"
93248855,990942230001,20070709,CT2 7RS,196707,,QUINN,SALIHI,,,,66 ROPER ROAD,,CANTERBURY,KENT,"
"
87282311,939885670001,20220518,NN6 7XD,196710,MRS,ELLIS,PITTS,,,,2 ASHWORTH CLOSE,CRICK,NORTHAMPTON,,"ENGLAND
"
41288047,888566950001,20180213,DA5 2BE,197106,MR,GUADALUPE,OLUBODUN,,,,1 BALDWYNS PARK,,BEXLEY,,"ENGLAND
"
47437887,383338390001,20190401,B91 2AA,,MR,CYAN,HANDS,,,,"6TH FLOOR, RADCLIFFE HOUSE BLENHEIM COURT",,SOLIHULL,,"ENGLAND
"
98897727,403876230001,20220725,W1W 7LT,199406,MR,DUNE,RAZAVI MEHR,,,,85 GREAT PORTLAND STREET,FIRST FLOOR,LONDON,,"ENGLAND
"
77729511,867663270001,20181003,CB22 6RN,197902,MRS,STEVIE,BROADHURST,,,,11 HARDMAN ROAD,FOXTON,CAMBRIDGE,CAMBRIDGESHIRE,"
"
93356767,443516710001,20050322,36930,197809,,AUDEN,GARCIA CARBALLO,,,,EDUARDO VICENTE NO. 50,,BUEU,PONTEVEDRA,"SPAIN
"
91361399,484575590001,20180329,NG7 1FN,198105,MR,ACE,HUSSAIN,,,,64 CASTLE BOULEVARD,,NOTTINGHAM,,"ENGLAND
"
24712335,346193670001,20091119,RM11 2JT,195102,,MASON,THIND,,,,21 WALDEN ROAD,,HORNCHURCH,ESSEX,
